STATE BANK,SHAKTINAGARA,JYOTHI CIRCLE;NANTHUR,07:06,07:39,9.8
SHAKTINAGARA,STATE BANK,NANTHUR;JYOTHI CIRCLE;,07:45,08:18,9.8
STATE BANK,SHAKTINAGARA,JYOTHI CIRCLE;NANTHUR,08:30,09:03,9.8
SHAKTINAGARA,STATE BANK,NANTHUR;JYOTHI CIRCLE;,09:15,09:48,9.8
STATE BANK,SHAKTINAGARA,JYOTHI CIRCLE;NANTHUR,10:00,10:33,9.8
SHAKTINAGARA,STATE BANK,NANTHUR;JYOTHI CIRCLE;,10:45,11:18,9.8
STATE BANK,SHAKTINAGARA,JYOTHI CIRCLE;NANTHUR,11:30,12:03,9.8
SHAKTINAGARA,STATE BANK,NANTHUR;JYOTHI CIRCLE;,12:15,12:48,9.8
STATE BANK,SHAKTINAGARA,JYOTHI CIRCLE;NANTHUR,13:00,13:33,9.8
SHAKTINAGARA,STATE BANK,NANTHUR;JYOTHI CIRCLE;,13:45,14:18,9.8
STATE BANK,SHAKTINAGARA,JYOTHI CIRCLE;NANTHUR,14:30,15:03,9.8
SHAKTINAGARA,STATE BANK,NANTHUR;JYOTHI CIRCLE;,15:15,15:48,9.8
STATE BANK,SHAKTINAGARA,JYOTHI CIRCLE;NANTHUR,16:00,16:33,9.8
SHAKTINAGARA,STATE BANK,NANTHUR;JYOTHI CIRCLE;,16:45,17:18,9.8
STATE BANK,SHAKTINAGARA,JYOTHI CIRCLE;NANTHUR,17:30,18:03,9.8
SHAKTINAGARA,STATE BANK,NANTHUR;JYOTHI CIRCLE;,18:15,18:48,9.8
STATE BANK,MUKKA,JYOTHI CIRCLE;LALBAGH;KULUR;BYKAMPADY;SURATHKAL;NITK,07:46,08:34,20
MUKKA,STATE BANK,NITK;SURATHKAL;BYKAMPADY;KULUR;LALBAGH;JYOTHI CIRCLE;,08:41,09:29,20
STATE BANK,MUKKA,JYOTHI CIRCLE;LALBAGH;KULUR;BYKAMPADY;SURATHKAL;NITK,09:45,10:33,20
MUKKA,STATE BANK,NITK;SURATHKAL;BYKAMPADY;KULUR;LALBAGH;JYOTHI CIRCLE;,10:40,11:28,20
STATE BANK,MUKKA,JYOTHI CIRCLE;LALBAGH;KULUR;BYKAMPADY;SURATHKAL;NITK,11:47,12:35,20
MUKKA,STATE BANK,NITK;SURATHKAL;BYKAMPADY;KULUR;LALBAGH;JYOTHI CIRCLE;,13:00,13:48,20
STATE BANK,MUKKA,JYOTHI CIRCLE;LALBAGH;KULUR;BYKAMPADY;SURATHKAL;NITK,14:00,14:48,20
MUKKA,STATE BANK,NITK;SURATHKAL;BYKAMPADY;KULUR;LALBAGH;JYOTHI CIRCLE;,15:00,15:48,20
STATE BANK,MUKKA,JYOTHI CIRCLE;LALBAGH;KULUR;BYKAMPADY;SURATHKAL;NITK,16:00,16:48,20
MUKKA,STATE BANK,NITK;SURATHKAL;BYKAMPADY;KULUR;LALBAGH;JYOTHI CIRCLE;,17:00,17:48,20
STATE BANK,MUKKA,JYOTHI CIRCLE;LALBAGH;KULUR;BYKAMPADY;SURATHKAL;NITK,18:00,18:48,20
MUKKA,STATE BANK,NITK;SURATHKAL;BYKAMPADY;KULUR;LALBAGH;JYOTHI CIRCLE;,18:55,19:43,20
STATE BANK,STK/NITK,JYOTHI CIRCLE;LALBAGH;KULUR;BYKAMPADY;,07:46,08:27,20
STK/NITK,STATE BANK,;BYKAMPADY;KULUR;LALBAGH;JYOTHI CIRCLE;,08:50,09:31,20
STATE BANK,STK/NITK,JYOTHI CIRCLE;LALBAGH;KULUR;BYKAMPADY;,09:45,10:26,20
STK/NITK,STATE BANK,;BYKAMPADY;KULUR;LALBAGH;JYOTHI CIRCLE;,10:49,11:30,20
STATE BANK,STK/NITK,JYOTHI CIRCLE;LALBAGH;KULUR;BYKAMPADY;,11:47,12:28,20
STK/NITK,STATE BANK,;BYKAMPADY;KULUR;LALBAGH;JYOTHI CIRCLE;,13:37,14:18,20
STATE BANK,STK/NITK,JYOTHI CIRCLE;LALBAGH;KULUR;BYKAMPADY;,14:23,15:04,20
STK/NITK,STATE BANK,;BYKAMPADY;KULUR;LALBAGH;JYOTHI CIRCLE;,15:25,16:06,20
STATE BANK,STK/NITK,JYOTHI CIRCLE;LALBAGH;KULUR;BYKAMPADY;,16:46,16:57,20
STK/NITK,STATE BANK,;BYKAMPADY;KULUR;LALBAGH;JYOTHI CIRCLE;,17:26,18:07,20
STATE BANK,STK/NITK,JYOTHI CIRCLE;LALBAGH;KULUR;BYKAMPADY;,18:12,18:53,20
STK/NITK,STATE BANK,;BYKAMPADY;KULUR;LALBAGH;JYOTHI CIRCLE;,19:22,20:03,20
STATE BANK,KATIPALLA,JYOTHI CIRCLE;LALBAGH;KULUR;BYKAMPADY;HONNAKATTE,06:01,06:50,21.2
KATIPALLA,STATE BANK,HONNAKATTE;BYKAMPADY;KULUR;LALBAGH;JYOTHI CIRCLE;,07:00,07:49,21.2
STATE BANK,KATIPALLA,JYOTHI CIRCLE;LALBAGH;KULUR;BYKAMPADY;HONNAKATTE,08:07,08:56,21.2
KATIPALLA,STATE BANK,HONNAKATTE;BYKAMPADY;KULUR;LALBAGH;JYOTHI CIRCLE;,09:10,09:59,21.2
STATE BANK,KATIPALLA,JYOTHI CIRCLE;LALBAGH;KULUR;BYKAMPADY;HONNAKATTE,10:15,11:04,21.2
KATIPALLA,STATE BANK,HONNAKATTE;BYKAMPADY;KULUR;LALBAGH;JYOTHI CIRCLE;,11:22,12:11,21.2
STATE BANK,KATIPALLA,JYOTHI CIRCLE;LALBAGH;KULUR;BYKAMPADY;HONNAKATTE,12:25,13:14,21.2
KATIPALLA,STATE BANK,HONNAKATTE;BYKAMPADY;KULUR;LALBAGH;JYOTHI CIRCLE;,13:20,14:09,21.2
STATE BANK,KATIPALLA,JYOTHI CIRCLE;LALBAGH;KULUR;BYKAMPADY;HONNAKATTE,14:20,15:09,21.2
KATIPALLA,STATE BANK,HONNAKATTE;BYKAMPADY;KULUR;LALBAGH;JYOTHI CIRCLE;,15:20,16:09,21.2
STATE BANK,KATIPALLA,JYOTHI CIRCLE;LALBAGH;KULUR;BYKAMPADY;HONNAKATTE,16:15,17:04,21.2
KATIPALLA,STATE BANK,HONNAKATTE;BYKAMPADY;KULUR;LALBAGH;JYOTHI CIRCLE;,17:10,17:59,21.2
STATE BANK,KAIKAMBA,JYOTHI CIRCLE;LALBAGH;KULUR;BYKAMPADY;JANATA COLONY,06:34,07:23,20.8
KAIKAMBA,STATE BANK,JANATA COLONY;BYKAMPADY;KULUR;LALBAGH;JYOTHI CIRCLE;,07:31,08:20,20.8
STATE BANK,KAIKAMBA,JYOTHI CIRCLE;LALBAGH;KULUR;BYKAMPADY;JANATA COLONY,08:28,09:17,20.8
KAIKAMBA,STATE BANK,JANATA COLONY;BYKAMPADY;KULUR;LALBAGH;JYOTHI CIRCLE;,09:30,10:19,20.8
STATE BANK,KAIKAMBA,JYOTHI CIRCLE;LALBAGH;KULUR;BYKAMPADY;JANATA COLONY,10:33,11:22,20.8
KAIKAMBA,STATE BANK,JANATA COLONY;BYKAMPADY;KULUR;LALBAGH;JYOTHI CIRCLE;,11:35,12:24,20.8
STATE BANK,KAIKAMBA,JYOTHI CIRCLE;LALBAGH;KULUR;BYKAMPADY;JANATA COLONY,12:40,13:29,20.8
KAIKAMBA,STATE BANK,JANATA COLONY;BYKAMPADY;KULUR;LALBAGH;JYOTHI CIRCLE;,13:40,14:29,20.8
STATE BANK,KAIKAMBA,JYOTHI CIRCLE;LALBAGH;KULUR;BYKAMPADY;JANATA COLONY,14:40,15:29,20.8
KAIKAMBA,STATE BANK,JANATA COLONY;BYKAMPADY;KULUR;LALBAGH;JYOTHI CIRCLE;,15:40,16:29,20.8
STATE BANK,KAIKAMBA,JYOTHI CIRCLE;LALBAGH;KULUR;BYKAMPADY;JANATA COLONY,16:40,17:29,20.8
KAIKAMBA,STATE BANK,JANATA COLONY;BYKAMPADY;KULUR;LALBAGH;JYOTHI CIRCLE;,17:40,18:29,20.8
STATE BANK,GURUPURA KAIKAMBA,JYOTHI CIRCLE;MALLIKATTE;NANTHUR;VAMANJUR;GURUPURA,07:42,08:29,20.1
GURUPURA KAIKAMBA,STATE BANK,GURUPURA;VAMANJUR;NANTHUR;MALLIKATTE;JYOTHI CIRCLE;,08:43,09:30,20.1
STATE BANK,GURUPURA KAIKAMBA,JYOTHI CIRCLE;MALLIKATTE;NANTHUR;VAMANJUR;GURUPURA,09:47,10:34,20.1
GURUPURA KAIKAMBA,STATE BANK,GURUPURA;VAMANJUR;NANTHUR;MALLIKATTE;JYOTHI CIRCLE;,10:47,11:34,20.1
STATE BANK,GURUPURA KAIKAMBA,JYOTHI CIRCLE;MALLIKATTE;NANTHUR;VAMANJUR;GURUPURA,11:47,12:34,20.1
GURUPURA KAIKAMBA,STATE BANK,GURUPURA;VAMANJUR;NANTHUR;MALLIKATTE;JYOTHI CIRCLE;,12:50,13:37,20.1
STATE BANK,GURUPURA KAIKAMBA,JYOTHI CIRCLE;MALLIKATTE;NANTHUR;VAMANJUR;GURUPURA,14:30,15:17,20.1
GURUPURA KAIKAMBA,STATE BANK,GURUPURA;VAMANJUR;NANTHUR;MALLIKATTE;JYOTHI CIRCLE;,15:30,16:17,20.1
STATE BANK,GURUPURA KAIKAMBA,JYOTHI CIRCLE;MALLIKATTE;NANTHUR;VAMANJUR;GURUPURA,16:20,17:07,20.1
GURUPURA KAIKAMBA,STATE BANK,GURUPURA;VAMANJUR;NANTHUR;MALLIKATTE;JYOTHI CIRCLE;,17:10,17:57,20.1
STATE BANK,GURUPURA KAIKAMBA,JYOTHI CIRCLE;MALLIKATTE;NANTHUR;VAMANJUR;GURUPURA,18:00,18:47,20.1
GURUPURA KAIKAMBA,STATE BANK,GURUPURA;VAMANJUR;NANTHUR;MALLIKATTE;JYOTHI CIRCLE;,18:55,19:42,20.1
STATE BANK,MUDUSHEDDE,JYOTHI CIRCLE;MALLIKATTE;NANTHUR;VAMANJUR;GURUPURA,14:50,15:26,14
MUDUSHEDDE,STATE BANK,GURUPURA;VAMANJUR;NANTHUR;MALLIKATTE;JYOTHI CIRCLE;,15:35,16:11,14
STATE BANK,MUDUSHEDDE,JYOTHI CIRCLE;MALLIKATTE;NANTHUR;VAMANJUR;GURUPURA,16:22,16:58,14
MUDUSHEDDE,STATE BANK,GURUPURA;VAMANJUR;NANTHUR;MALLIKATTE;JYOTHI CIRCLE;,17:09,17:45,14
STATE BANK,MUDUSHEDDE,JYOTHI CIRCLE;MALLIKATTE;NANTHUR;VAMANJUR;GURUPURA,17:58,18:36,14
MUDUSHEDDE,STATE BANK,GURUPURA;VAMANJUR;NANTHUR;MALLIKATTE;JYOTHI CIRCLE;,18:45,19:23,14
STATE BANK,MUDUSHEDDE,JYOTHI CIRCLE;MALLIKATTE;NANTHUR;VAMANJUR;GURUPURA,19:43,20:21,14
MUDUSHEDDE,STATE BANK,GURUPURA;VAMANJUR;NANTHUR;MALLIKATTE;JYOTHI CIRCLE;,07:10,07:48,14
STATE BANK,MUDUSHEDDE,JYOTHI CIRCLE;MALLIKATTE;NANTHUR;VAMANJUR;GURUPURA,07:55,08:31,14
MUDUSHEDDE,STATE BANK,GURUPURA;VAMANJUR;NANTHUR;MALLIKATTE;JYOTHI CIRCLE;,08:40,09:16,14
STATE BANK,MUDUSHEDDE,JYOTHI CIRCLE;MALLIKATTE;NANTHUR;VAMANJUR;GURUPURA,09:38,10:14,14
MUDUSHEDDE,STATE BANK,GURUPURA;VAMANJUR;NANTHUR;MALLIKATTE;JYOTHI CIRCLE;,10:19,10:55,14
STATE BANK,MUDUSHEDDE,JYOTHI CIRCLE;MALLIKATTE;NANTHUR;VAMANJUR;GURUPURA,11:08,11:44,14
MUDUSHEDDE,STATE BANK,GURUPURA;VAMANJUR;NANTHUR;MALLIKATTE;JYOTHI CIRCLE;,11:54,12:30,14
STATE BANK,KAIKAMBA GANESHAPURA,CARSRSTREET;LADYHILL;KULUR;BYKAMPADY;SURATAKAL,07:26,08:24,22.5
KAIKAMBA GANESHAPURA,STATE BANK,SURATAKAL;BYKAMPADY;KULUR;LADYHILL;CARSRSTREET;,08:30,09:28,22.5
STATE BANK,KAIKAMBA GANESHAPURA,CARSRSTREET;LADYHILL;KULUR;BYKAMPADY;SURATAKAL,09:36,10:34,22.5
KAIKAMBA GANESHAPURA,STATE BANK,SURATAKAL;BYKAMPADY;KULUR;LADYHILL;CARSRSTREET;,10:37,11:35,22.5
STATE BANK,KAIKAMBA GANESHAPURA,CARSRSTREET;LADYHILL;KULUR;BYKAMPADY;SURATAKAL,11:41,12:39,22.5
KAIKAMBA GANESHAPURA,STATE BANK,SURATAKAL;BYKAMPADY;KULUR;LADYHILL;CARSRSTREET;,13:00,13:58,22.5
STATE BANK,KAIKAMBA GANESHAPURA,CARSRSTREET;LADYHILL;KULUR;BYKAMPADY;SURATAKAL,14:15,15:13,22.5
KAIKAMBA GANESHAPURA,STATE BANK,SURATAKAL;BYKAMPADY;KULUR;LADYHILL;CARSRSTREET;,15:30,16:28,22.5
STATE BANK,KAIKAMBA GANESHAPURA,CARSRSTREET;LADYHILL;KULUR;BYKAMPADY;SURATAKAL,16:45,17:43,22.5
KAIKAMBA GANESHAPURA,STATE BANK,SURATAKAL;BYKAMPADY;KULUR;LADYHILL;CARSRSTREET;,18:00,18:58,22.5
STATE BANK,KUTTETURU,JYOTHI CIRCLE;LALBAGH;KULUR;BYKAMPADY;HONNAKATTE;MANGALAPETE0803,07:11,08:16,24.8
KUTTETURU,STATE BANK,MANGALAPETE 0829;,08:16,09:21,24.8
STATE BANK,MANGALAPETE,MANGALAPETE 0830,09:21,10:13,20.3
MANGALAPETE,STATE BANK,MANGALAPETE 0831;,10:22,11:14,20.3
STATE BANK,MANGALAPETE,MANGALAPETE 0832,11:27,12:19,20.3
MANGALAPETE,STATE BANK,MANGALAPETE 0833;,12:50,13:42,20.3
STATE BANK,MANGALAPETE,JYOTHI CIRCLE;LALBAGH;KULUR;BYKAMPADY;HONNAKATTE,13:57,14:49,20.3
MANGALAPETE,STATE BANK,HONNAKATTE;BYKAMPADY;KULUR;LALBAGH;JYOTHI CIRCLE;,15:40,16:32,20.3
STATE BANK,KUTTETURU,MANGALAPETE 1740,16:48,17:53,24.8
KUTTETURU,STATE BANK,MANGALAPETE 1806;,17:53,18:58,24.8
STATE BANK,BAJAL CHURCH,JYOTHI CIRCLE;KANKANADY;NAGURI;PADIL,07:52,08:24,10
BAJAL CHURCH,STATE BANK,PADIL;NAGURI;KANKANADY;JYOTHI CIRCLE;,08:35,09:07,10
STATE BANK,BAJAL CHURCH,JYOTHI CIRCLE;KANKANADY;NAGURI;PADIL,09:17,09:49,10
BAJAL CHURCH,STATE BANK,PADIL;NAGURI;KANKANADY;JYOTHI CIRCLE;,10:00,10:32,10
STATE BANK,BAJAL CHURCH,JYOTHI CIRCLE;KANKANADY;NAGURI;PADIL,10:52,11:24,10
BAJAL CHURCH,STATE BANK,PADIL;NAGURI;KANKANADY;JYOTHI CIRCLE;,11:26,11:58,10
STATE BANK,BAJAL CHURCH,JYOTHI CIRCLE;KANKANADY;NAGURI;PADIL,12:10,12:42,10
BAJAL CHURCH,STATE BANK,PADIL;NAGURI;KANKANADY;JYOTHI CIRCLE;,12:45,13:17,10
STATE BANK,BAJAL CHURCH,JYOTHI CIRCLE;KANKANADY;NAGURI;PADIL,13:52,14:24,10
BAJAL CHURCH,STATE BANK,PADIL;NAGURI;KANKANADY;JYOTHI CIRCLE;,14:30,15:02,10
STATE BANK,BAJAL CHURCH,JYOTHI CIRCLE;KANKANADY;NAGURI;PADIL,15:05,15:37,10
BAJAL CHURCH,STATE BANK,PADIL;NAGURI;KANKANADY;JYOTHI CIRCLE;,16:00,16:32,10
STATE BANK,BAJAL CHURCH,JYOTHI CIRCLE;KANKANADY;NAGURI;PADIL,16:37,17:09,10
BAJAL CHURCH,STATE BANK,PADIL;NAGURI;KANKANADY;JYOTHI CIRCLE;,17:20,17:52,10
STATE BANK,BAJAL CHURCH,JYOTHI CIRCLE;KANKANADY;NAGURI;PADIL,18:08,18:40,10
BAJAL CHURCH,STATE BANK,PADIL;NAGURI;KANKANADY;JYOTHI CIRCLE;,19:00,19:32,10
STATE BANK,JALLIGUDDE,JYOTHI CIRCLE;KANKANADY;NAGURI;PADIL,06:58,07:30,9.8
JALLIGUDDE,STATE BANK,PADIL;NAGURI;KANKANADY;JYOTHI CIRCLE;,07:37,08:10,9.8
STATE BANK,JALLIGUDDE,JYOTHI CIRCLE;KANKANADY;NAGURI;PADIL,08:17,08:50,9.8
JALLIGUDDE,STATE BANK,PADIL;NAGURI;KANKANADY;JYOTHI CIRCLE;,08:52,09:25,9.8
STATE BANK,FAIZALNAGARA,JYOTHI CIRCLE;KANKANADY;NAGURI;PADIL,09:32,10:05,9.1
FAIZALNAGARA,STATE BANK,PADIL;NAGURI;KANKANADY;JYOTHI CIRCLE;,10:25,10:58,9.1
STATE BANK,JALLIGUDDE,JYOTHI CIRCLE;KANKANADY;NAGURI;PADIL,11:08,11:41,9.8
JALLIGUDDE,STATE BANK,PADIL;NAGURI;KANKANADY;JYOTHI CIRCLE;,11:50,12:23,9.8
STATE BANK,JALLIGUDDE,JYOTHI CIRCLE;KANKANADY;NAGURI;PADIL,14:52,15:25,9.8
JALLIGUDDE,STATE BANK,PADIL;NAGURI;KANKANADY;JYOTHI CIRCLE;,15:27,16:00,9.8
STATE BANK,JALLIGUDDE,JYOTHI CIRCLE;KANKANADY;NAGURI;PADIL,16:17,16:50,9.8
JALLIGUDDE,STATE BANK,PADIL;NAGURI;KANKANADY;JYOTHI CIRCLE;,17:08,17:41,9.8
STATE BANK,FAIZALNAGARA,JYOTHI CIRCLE;KANKANADY;NAGURI;PADIL,17:55,18:28,9.1
FAIZALNAGARA,STATE BANK,PADIL;NAGURI;KANKANADY;JYOTHI CIRCLE;,18:35,19:08,9.1
STATE BANK,JALLIGUDDE,JYOTHI CIRCLE;KANKANADY;NAGURI;PADIL,19:20,19:53,9.8
JALLIGUDDE,STATE BANK,PADIL;NAGURI;KANKANADY;JYOTHI CIRCLE;,20:10,20:43,9.8
STATE BANK,MUDIPU,PUMPWELL;THOKKOTTU;BIRI;DERALAKATTE,07:45,08:58,29.3
MUDIPU,STATE BANK,DERALAKATTE;BIRI;THOKKOTTU;PUMPWELL;,09:15,10:28,29.3
STATE BANK,MUDIPU,PUMPWELL;THOKKOTTU;BIRI;DERALAKATTE,10:47,12:00,29.3
MUDIPU,STATE BANK,DERALAKATTE;BIRI;THOKKOTTU;PUMPWELL;,12:12,13:25,29.3
STATE BANK,MUDIPU,PUMPWELL;THOKKOTTU;BIRI;DERALAKATTE,13:51,15:04,29.3
MUDIPU,STATE BANK,DERALAKATTE;BIRI;THOKKOTTU;PUMPWELL;,15:14,16:27,29.3
STATE BANK,MUDIPU,PUMPWELL;THOKKOTTU;BIRI;DERALAKATTE,16:37,17:50,29.3
MUDIPU,STATE BANK,DERALAKATTE;BIRI;THOKKOTTU;PUMPWELL;,18:00,19:13,29.3
STATE BANK,SOMESHWARA,PUMPWELL;THOKKOTTU;ULLALAALA,07:00,07:42,15.2
SOMESHWARA,STATE BANK,ULLALAALA;THOKKOTTU;PUMPWELL;,07:50,08:32,15.2
STATE BANK,SOMESHWARA,PUMPWELL;THOKKOTTU;ULLALAALA,08:40,09:22,15.2
SOMESHWARA,STATE BANK,ULLALAALA;THOKKOTTU;PUMPWELL;,09:32,10:14,15.2
STATE BANK,SOMESHWARA,PUMPWELL;THOKKOTTU;ULLALAALA,10:23,11:05,15.2
SOMESHWARA,STATE BANK,ULLALAALA;THOKKOTTU;PUMPWELL;,11:11,11:53,15.2
STATE BANK,SOMESHWARA,PUMPWELL;THOKKOTTU;ULLALAALA,11:58,12:40,15.2
SOMESHWARA,STATE BANK,ULLALAALA;THOKKOTTU;PUMPWELL;,13:00,13:42,15.2
STATE BANK,SOMESHWARA,PUMPWELL;THOKKOTTU;ULLALAALA,14:00,14:42,15.2
SOMESHWARA,STATE BANK,ULLALAALA;THOKKOTTU;PUMPWELL;,14:55,15:37,15.2
STATE BANK,SOMESHWARA,PUMPWELL;THOKKOTTU;ULLALAALA,15:45,16:27,15.2
SOMESHWARA,STATE BANK,ULLALAALA;THOKKOTTU;PUMPWELL;,16:35,17:17,15.2
STATE BANK,SOMESHWARA,PUMPWELL;THOKKOTTU;ULLALAALA,17:25,18:07,15.2
SOMESHWARA,STATE BANK,ULLALAALA;THOKKOTTU;PUMPWELL;,18:15,18:57,15.2
STATE BANK,THALAPADY,PUMPWELL;THOKKOTTU,06:30,07:27,17
THALAPADY,STATE BANK,THOKKOTTU;PUMPWELL;,07:31,08:28,17
STATE BANK,THALAPADY,PUMPWELL;THOKKOTTU,08:36,09:33,17
THALAPADY,STATE BANK,THOKKOTTU;PUMPWELL;,09:37,10:34,17
STATE BANK,THALAPADY,PUMPWELL;THOKKOTTU,10:37,11:34,17
THALAPADY,STATE BANK,THOKKOTTU;PUMPWELL;,11:46,12:43,17
STATE BANK,THALAPADY,PUMPWELL;THOKKOTTU,13:15,14:12,17
THALAPADY,STATE BANK,THOKKOTTU;PUMPWELL;,14:30,15:27,17
STATE BANK,THALAPADY,PUMPWELL;THOKKOTTU,15:45,16:42,17
THALAPADY,STATE BANK,THOKKOTTU;PUMPWELL;,17:00,17:57,17
STATE BANK,KINYA,PUMPWELL;THOKKOTTU;BIRI;KC ROAD,15:38,16:39,19
KINYA,STATE BANK,KC ROAD;BIRI;THOKKOTTU;PUMPWELL;,16:49,17:50,19
STATE BANK,KINYA,PUMPWELL;THOKKOTTU;BIRI;KC ROAD,18:01,19:02,19
KINYA,STATE BANK,KC ROAD;BIRI;THOKKOTTU;PUMPWELL;,19:05,20:06,19
STATE BANK,KINYA,PUMPWELL;THOKKOTTU;BIRI;KC ROAD,20:11,21:12,19
KINYA,STATE BANK,KC ROAD;BIRI;THOKKOTTU;PUMPWELL;,07:18,08:19,19
STATE BANK,KINYA,PUMPWELL;THOKKOTTU;BIRI;KC ROAD,08:26,09:27,19
KINYA,STATE BANK,KC ROAD;BIRI;THOKKOTTU;PUMPWELL;,09:32,10:33,19
STATE BANK,KINYA,PUMPWELL;THOKKOTTU;BIRI;KC ROAD,10:57,11:58,19
KINYA,STATE BANK,KC ROAD;BIRI;THOKKOTTU;PUMPWELL;,12:02,13:03,19
STATE BANK,VAMANJUR,JYOTHI CIRCLE;KPT;PADAVINANDY;PACHHANADY,07:00,07:42,14.8
VAMANJUR,STATE BANK,PACHHANADY;PADAVINANDY;KPT;JYOTHI CIRCLE;,07:49,08:31,14.8
STATE BANK,VAMANJUR,JYOTHI CIRCLE;KPT;PADAVINANDY;PACHHANADY,08:39,09:21,14.8
VAMANJUR,STATE BANK,PACHHANADY;PADAVINANDY;KPT;JYOTHI CIRCLE;,09:27,10:09,14.8
STATE BANK,VAMANJUR,JYOTHI CIRCLE;KPT;PADAVINANDY;PACHHANADY,10:18,11:00,14.8
VAMANJUR,STATE BANK,PACHHANADY;PADAVINANDY;KPT;JYOTHI CIRCLE;,11:15,11:57,14.8
STATE BANK,VAMANJUR,JYOTHI CIRCLE;KPT;PADAVINANDY;PACHHANADY,12:04,12:46,14.8
VAMANJUR,STATE BANK,PACHHANADY;PADAVINANDY;KPT;JYOTHI CIRCLE;,13:04,13:46,14.8
STATE BANK,VAMANJUR,JYOTHI CIRCLE;KPT;PADAVINANDY;PACHHANADY,14:00,14:42,14.8
VAMANJUR,STATE BANK,PACHHANADY;PADAVINANDY;KPT;JYOTHI CIRCLE;,15:00,15:42,14.8
STATE BANK,VAMANJUR,JYOTHI CIRCLE;KPT;PADAVINANDY;PACHHANADY,16:00,16:42,14.8
VAMANJUR,STATE BANK,PACHHANADY;PADAVINANDY;KPT;JYOTHI CIRCLE;,16:45,17:27,14.8
STATE BANK,VAMANJUR,JYOTHI CIRCLE;KPT;PADAVINANDY;PACHHANADY,17:30,18:12,14.8
VAMANJUR,STATE BANK,PACHHANADY;PADAVINANDY;KPT;JYOTHI CIRCLE;,18:17,18:59,14.8
STATE BANK,MUDIPU,PUMPWELL;THOKKOTTU;DERALAKATTE,15:05,16:06,22.1
MUDIPU,STATE BANK,DERALAKATTE;THOKKOTTU;PUMPWELL;,16:12,17:13,22.1
STATE BANK,MUDIPU,PUMPWELL;THOKKOTTU;DERALAKATTE,17:17,18:18,22.1
MUDIPU,STATE BANK,DERALAKATTE;THOKKOTTU;PUMPWELL;,18:37,19:38,22.1
STATE BANK,MUDIPU,PUMPWELL;THOKKOTTU;DERALAKATTE,20:03,21:04,22.1
MUDIPU,STATE BANK,DERALAKATTE;THOKKOTTU;PUMPWELL;,06:40,07:41,22.1
STATE BANK,MUDIPU,PUMPWELL;THOKKOTTU;DERALAKATTE,07:52,08:53,22.1
MUDIPU,STATE BANK,DERALAKATTE;THOKKOTTU;PUMPWELL;,08:57,09:58,22.1
STATE BANK,MUDIPU,PUMPWELL;THOKKOTTU;DERALAKATTE,10:04,11:05,22.1
MUDIPU,STATE BANK,DERALAKATTE;THOKKOTTU;PUMPWELL;,11:12,12:13,22.1
STATE BANK,KUNJATHBAILU,JYOTHI CIRCLE;PVS;LALBAGH;KSRTC;DEREBILU;KAVURU,07:23,08:04,13
KUNJATHBAILU,STATE BANK,KAVURU;DEREBILU;KSRTC;LALBAGH;PVS;JYOTHI CIRCLE;,08:16,08:57,13
STATE BANK,KUNJATHBAILU,JYOTHI CIRCLE;PVS;LALBAGH;KSRTC;DEREBILU;KAVURU,09:05,09:46,13
KUNJATHBAILU,STATE BANK,KAVURU;DEREBILU;KSRTC;LALBAGH;PVS;JYOTHI CIRCLE;,10:05,10:46,13
STATE BANK,KUNJATHBAILU,JYOTHI CIRCLE;PVS;LALBAGH;KSRTC;DEREBILU;KAVURU,10:52,11:33,13
KUNJATHBAILU,STATE BANK,KAVURU;DEREBILU;KSRTC;LALBAGH;PVS;JYOTHI CIRCLE;,11:46,12:27,13
STATE BANK,KUNJATHBAILU,JYOTHI CIRCLE;PVS;LALBAGH;KSRTC;DEREBILU;KAVURU,12:52,13:33,13
KUNJATHBAILU,STATE BANK,KAVURU;DEREBILU;KSRTC;LALBAGH;PVS;JYOTHI CIRCLE;,13:48,14:29,13
STATE BANK,KUNJATHBAILU,JYOTHI CIRCLE;PVS;LALBAGH;KSRTC;DEREBILU;KAVURU,14:32,15:13,13
KUNJATHBAILU,STATE BANK,KAVURU;DEREBILU;KSRTC;LALBAGH;PVS;JYOTHI CIRCLE;,15:23,16:04,13
STATE BANK,KUNJATHBAILU,JYOTHI CIRCLE;PVS;LALBAGH;KSRTC;DEREBILU;KAVURU,16:11,16:52,13
KUNJATHBAILU,STATE BANK,KAVURU;DEREBILU;KSRTC;LALBAGH;PVS;JYOTHI CIRCLE;,17:15,17:56,13
STATE BANK,STATE BANK,PVS;LALBAGH;KSRTC;KNT;DBL;MLK;KVR;BDL;MANIPAL COLLAGE OF DENTAL SCIENCE;KADRI PARK;NANTHUR;JYOTHI CIRCLE,07:10,08:57,33.6
STATE BANK,STATE BANK,JYOTHI CIRCLE;NANTHUR;KADRI PARK;MANIPAL COLLAGE OF DENTAL SCIENCE;BDL;KVR;MLK;DBL;KNT;KSRTC;LALBAGH;PVS;,09:10,11:09,33.6
STATE BANK,STATE BANK,PVS;LALBAGH;KSRTC;KNT;DBL;MLK;KVR;BDL;MANIPAL COLLAGE OF DENTAL SCIENCE;KADRI PARK;NANTHUR;JYOTHI CIRCLE,11:16,12:53,33.6
STATE BANK,STATE BANK,JYOTHI CIRCLE;NANTHUR;KADRI PARK;MANIPAL COLLAGE OF DENTAL SCIENCE;BDL;KVR;MLK;DBL;KNT;KSRTC;LALBAGH;PVS;,13:12,15:02,33.6
STATE BANK,STATE BANK,PVS;LALBAGH;KSRTC;KNT;DBL;MLK;KVR;BDL;MANIPAL COLLAGE OF DENTAL SCIENCE;KADRI PARK;NANTHUR;JYOTHI CIRCLE,15:11,16:57,33.6
STATE BANK,STATE BANK,JYOTHI CIRCLE;NANTHUR;KADRI PARK;MANIPAL COLLAGE OF DENTAL SCIENCE;BDL;KVR;MLK;DBL;KNT;KSRTC;LALBAGH;PVS;,17:20,18:59,33.6
STATE BANK,STATE BANK,NANTHUR;VAMANJUR;MANIPAL COLLAGE OF DENTAL SCIENCE;BND;KVR;KNC,07:00,08:39,33.6
STATE BANK,STATE BANK,KNC;KVR;BND;MANIPAL COLLAGE OF DENTAL SCIENCE;VAMANJUR;NANTHUR;,08:43,10:35,33.6
STATE BANK,STATE BANK,NANTHUR;VAMANJUR;MANIPAL COLLAGE OF DENTAL SCIENCE;BND;KVR;KNC,10:46,12:40,33.6
STATE BANK,STATE BANK,KNC;KVR;BND;MANIPAL COLLAGE OF DENTAL SCIENCE;VAMANJUR;NANTHUR;,12:50,14:29,33.6
STATE BANK,STATE BANK,NANTHUR;VAMANJUR;MANIPAL COLLAGE OF DENTAL SCIENCE;BND;KVR;KNC,15:12,16:46,33.6
STATE BANK,STATE BANK,KNC;KVR;BND;MANIPAL COLLAGE OF DENTAL SCIENCE;VAMANJUR;NANTHUR;,16:58,18:58,33.6
STATE BANK,MRPL COLONY ,LALBAGH;KLR;STK,13:40,14:28,24.3
MRPL COLONY ,STATE BANK,STK;KLR;LALBAGH;,15:10,16:19,24.3
STATE BANK,MRPL COLONY ,LALBAGH;KLR;STK,16:25,17:33,24.3
MRPL COLONY ,STATE BANK,STK;KLR;LALBAGH;,17:55,19:04,24.3
STATE BANK,MRPL COLONY ,LALBAGH;KLR;STK,19:26,20:30,24.3
MRPL COLONY ,STATE BANK,STK;KLR;LALBAGH;,06:00,07:05,24.3
STATE BANK,MRPL COLONY ,LALBAGH;KLR;STK,07:10,08:15,24.3
MRPL COLONY ,STATE BANK,STK;KLR;LALBAGH;,08:20,09:29,24.3
STATE BANK,MRPL COLONY ,LALBAGH;KLR;STK,09:35,10:43,24.3
MRPL COLONY ,STATE BANK,STK;KLR;LALBAGH;,11:10,12:19,24.3
MANGALURU,RAHAMATH NAGAR,PUMPWELL;THOKKOTTU;DERALAKATTE,07:00,07:50,18.9
RAHAMATH NAGAR,MANGALURU,DERALAKATTE;THOKKOTTU;PUMPWELL;,08:00,08:50,18.9
MANGALURU,RAHAMATH NAGAR,PUMPWELL;THOKKOTTU;DERALAKATTE,09:00,09:50,18.9
RAHAMATH NAGAR,MANGALURU,DERALAKATTE;THOKKOTTU;PUMPWELL;,10:20,11:10,18.9
MANGALURU,RAHAMATH NAGAR,PUMPWELL;THOKKOTTU;DERALAKATTE,11:20,12:10,18.9
RAHAMATH NAGAR,MANGALURU,DERALAKATTE;THOKKOTTU;PUMPWELL;,12:15,13:05,18.9
MANGALURU,RAHAMATH NAGAR,PUMPWELL;THOKKOTTU;DERALAKATTE,14:00,14:50,18.9
RAHAMATH NAGAR,MANGALURU,DERALAKATTE;THOKKOTTU;PUMPWELL;,15:00,15:50,18.9
MANGALURU,RAHAMATH NAGAR,PUMPWELL;THOKKOTTU;DERALAKATTE,16:00,16:50,18.9
RAHAMATH NAGAR,MANGALURU,DERALAKATTE;THOKKOTTU;PUMPWELL;,17:00,17:50,18.9
MANGALURU,MUDIPU,PUMPWELL;THOKKOTTU;DERALAKATTE,07:15,08:30,23.9
MUDIPU,MANGALURU,DERALAKATTE;THOKKOTTU;PUMPWELL;,08:35,09:50,23.9
MANGALURU,MUDIPU,PUMPWELL;THOKKOTTU;DERALAKATTE,10:25,11:30,23.9
MUDIPU,MANGALURU,DERALAKATTE;THOKKOTTU;PUMPWELL;,11:45,13:00,23.9
MANGALURU,MUDIPU,PUMPWELL;THOKKOTTU;DERALAKATTE,14:10,15:25,23.9
MUDIPU,MANGALURU,DERALAKATTE;THOKKOTTU;PUMPWELL;,15:30,16:45,23.9
MANGALURU,AMMEMBAL DARGA,PUMPWELL;THOKKOTTU;DERALAKATTE,17:30,18:30,32
AMMEMBAL DARGA,MANGALURU,DERALAKATTE;THOKKOTTU;PUMPWELL;,06:30,08:05,32
MANGALURU,MUDIPU,PUMPWELL;THOKKOTTU;DERALAKATTE,08:15,09:30,23.9
MUDIPU,MANGALURU,DERALAKATTE;THOKKOTTU;PUMPWELL;,09:35,10:50,23.9
MANGALURU,AMMEMBAL DARGA,PUMPWELL;THOKKOTTU;DERALAKATTE,11:40,13:10,32
AMMEMBAL DARGA,MANGALURU,DERALAKATTE;THOKKOTTU;PUMPWELL;,13:15,14:45,32
MANGALURU,MUDIPU,PUMPWELL;THOKKOTTU;DERALAKATTE,15:30,16:45,23.9
MUDIPU,MANGALURU,DERALAKATTE;THOKKOTTU;PUMPWELL;,17:00,18:15,23.9
STATE BANK,KINYA,THOKKOTTU;THALAPADY,07:46,08:53,19
KINYA,STATE BANK,THALAPADY;THOKKOTTU;,08:54,09:38,19
STATE BANK,KINYA,THOKKOTTU;THALAPADY,09:38,10:45,19
KINYA,STATE BANK,THALAPADY;THOKKOTTU;,10:50,11:40,19
STATE BANK,KINYA,THOKKOTTU;THALAPADY,11:42,12:48,19
KINYA,STATE BANK,THALAPADY;THOKKOTTU;,12:50,13:37,19
STATE BANK,KINYA,THOKKOTTU;THALAPADY,15:46,16:45,19
KINYA,STATE BANK,THALAPADY;THOKKOTTU;,16:50,17:45,19
STATE BANK,KINYA,THOKKOTTU;THALAPADY,17:46,18:45,19
KINYA,STATE BANK,THALAPADY;THOKKOTTU;,18:50,19:38,19
MANGALURU,PARAPU,MANGALURU;PARAPU,13:20,14:48,29.2
PARAPU,MANGALURU,MANGALURU;PARAPU;,15:00,16:18,29.2
MANGALURU,PARAPU,MANGALURU;PARAPU,16:40,18:08,29.2
PARAPU,MANGALURU,MANGALURU;PARAPU;,18:15,19:43,29.2
MANGALURU,PARAPU,MANGALURU;PARAPU,06:20,07:48,29.2
PARAPU,MANGALURU,MANGALURU;PARAPU;,08:00,09:28,29.2
MANGALURU,PARAPU,MANGALURU;PARAPU,09:40,11:08,29.2
PARAPU,MANGALURU,MANGALURU;PARAPU;,11:20,12:48,29.2
MANGALURU,MUDIPU,KANKANADY;THOKKOTTU;KTR;MNGUNT,18:10,19:10,23
MUDIPU,MANGALURU,MNGUNT;KTR;THOKKOTTU;KANKANADY;,19:15,20:15,23
MANGALURU,MUDIPU,KANKANADY;THOKKOTTU;KTR;MNGUNT,20:35,21:40,23
MUDIPU,MANGALURU,MNGUNT;KTR;THOKKOTTU;KANKANADY;,21:50,22:55,23
MANGALURU,MUDIPU,KANKANADY;THOKKOTTU;KTR;MNGUNT,06:50,07:55,23
MUDIPU,MANGALURU,MNGUNT;KTR;THOKKOTTU;KANKANADY;,08:05,09:10,23
MANGALURU,MUDIPU,KANKANADY;THOKKOTTU;KTR;MNGUNT,09:20,10:20,23
MUDIPU,MANGALURU,MNGUNT;KTR;THOKKOTTU;KANKANADY;,10:25,11:25,23
MANGALURU,MUDIPU,KANKANADY;THOKKOTTU;KTR;MNGUNT,11:30,12:30,23
MUDIPU,MANGALURU,MNGUNT;KTR;THOKKOTTU;KANKANADY;,12:35,13:35,23
MANGALURU,MUDIPU,KANKANADY;THOKKOTTU;KTR;MNGUNT,16:25,17:30,23
MUDIPU,MANGALURU,MNGUNT;KTR;THOKKOTTU;KANKANADY;,17:40,18:45,23
MANGALURU,MUDIPU,KANKANADY;THOKKOTTU;KTR;MNGUNT,18:55,20:00,23
MUDIPU,MANGALURU,MNGUNT;KTR;THOKKOTTU;KANKANADY;,20:10,21:15,23
MANGALURU,MUDIPU,KANKANADY;THOKKOTTU;KTR;MNGUNT,21:25,22:30,23
MUDIPU,MANGALURU,MNGUNT;KTR;THOKKOTTU;KANKANADY;,62:05:00,73:00:00,23
MANGALURU,MUDIPU,KANKANADY;THOKKOTTU;KTR;MNGUNT,74:00:00,84:05:00,23
MUDIPU,MANGALURU,MNGUNT;KTR;THOKKOTTU;KANKANADY;,85:05:00,10:00,23
MANGALURU,MUDIPU,KANKANADY;THOKKOTTU;KTR;MNGUNT,10:10,11:15,23
MUDIPU,MANGALURU,MNGUNT;KTR;THOKKOTTU;KANKANADY;,11:25,12:30,23
MANGALURU,MUDIPU,MANGALURU;MUDIPU,14:45,15:50,23
MUDIPU,MANGALURU,MNGUNT;KTR;THOKKOTTU;KANKANADY;,16:00,17:05,23
MANGALURU,MUDIPU,KANKANADY;THOKKOTTU;KTR;MNGUNT,17:15,18:20,23
MUDIPU,MANGALURU,MNGUNT;KTR;THOKKOTTU;KANKANADY;,18:30,19:35,23
MANGALURU,MUDIPU,KANKANADY;THOKKOTTU;KTR;MNGUNT,19:45,20:50,23
MUDIPU,MANGALURU,MNGUNT;KTR;THOKKOTTU;KANKANADY;,21:00,22:05,23
MANGALURU,MUDIPU,MANGALURU;MUDIPU,60:00:00,70:05:00,23
MUDIPU,MANGALURU,MNGUNT;KTR;THOKKOTTU;KANKANADY;,71:05:00,82:00:00,23
MANGALURU,MUDIPU,KANKANADY;THOKKOTTU;KTR;MNGUNT,83:00:00,93:05:00,23
MUDIPU,MANGALURU,MNGUNT;KTR;THOKKOTTU;KANKANADY;,94:05:00,10:50,23
MANGALURU,MUDIPU,KANKANADY;THOKKOTTU;KTR;MNGUNT,11:00,12:05,23
MUDIPU,MANGALURU,MNGUNT;KTR;THOKKOTTU;KANKANADY;,12:15,13:20,23
MANGALURU,SOMESHWARA,KANKANADY;THOKKOTTU;ULLALA,73:00:00,82:05:00,20
SOMESHWARA,MANGALURU,ULLALA;THOKKOTTU;KANKANADY;,83:00:00,93:00:00,20
MANGALURU,SOMESHWARA,KANKANADY;THOKKOTTU;ULLALA,94:05:00,10:40,20
SOMESHWARA,MANGALURU,ULLALA;THOKKOTTU;KANKANADY;,10:45,11:40,20
MANGALURU,SOMESHWARA,KANKANADY;THOKKOTTU;ULLALA,11:45,12:40,20
SOMESHWARA,MANGALURU,ULLALA;THOKKOTTU;KANKANADY;,12:45,13:40,20
MANGALURU,SOMESHWARA,KANKANADY;THOKKOTTU;ULLALA,15:45,16:40,20
SOMESHWARA,MANGALURU,ULLALA;THOKKOTTU;KANKANADY;,16:45,17:40,20
MANGALURU,SOMESHWARA,KANKANADY;THOKKOTTU;ULLALA,17:40,18:35,20
SOMESHWARA,MANGALURU,ULLALA;THOKKOTTU;KANKANADY;,18:40,19:35,20
DEPOT,RLWY,DEPOT;RLWY,06:15,06:25,5
RLWY,BAJPE,KVR;KUNTIKAN;LALBAGH;JYOTHI CIRCLE;,63:00:00,73:00:00,20
BAJPE ,RLWY,JYOTHI CIRCLE;LALBAGH;KUNTIKAN;KVR,74:00:00,84:00:00,20
RLWY,BAJPE,KVR;KUNTIKAN;LALBAGH;JYOTHI CIRCLE;,84:05:00,94:05:00,20
BAJPE ,RLWY,JYOTHI CIRCLE;LALBAGH;KUNTIKAN;KVR,10:00,11:00,20
RLWY,BAJPE,KVR;KUNTIKAN;LALBAGH;JYOTHI CIRCLE;,11:20,12:30,20
BAJPE ,RLWY,JYOTHI CIRCLE;LALBAGH;KUNTIKAN;KVR,13:00,14:10,20
RLWY,BAJPE,KVR;KUNTIKAN;LALBAGH;JYOTHI CIRCLE;,14:15,15:25,20
BAJPE ,RLWY,JYOTHI CIRCLE;LALBAGH;KUNTIKAN;KVR,15:30,16:40,20
RLWY,BAJPE,KVR;KUNTIKAN;LALBAGH;JYOTHI CIRCLE;,17:15,18:15,20
BAJPE ,RLWY,JYOTHI CIRCLE;LALBAGH;KUNTIKAN;KVR,18:25,19:25,20
RLWY,BAJPE,KVR;KUNTIKAN;LALBAGH;JYOTHI CIRCLE;,05:40,06:31,20
BAJPE,RLWY,JYOTHI CIRCLE;LALBAGH;KUNTIKAN;KVR,06:43,07:35,20
RLWY,BAJPE,KVR;KUNTIKAN;LALBAGH;JYOTHI CIRCLE;,81:05:00,91:01:00,20
BAJPE,RLWY,JYOTHI CIRCLE;LALBAGH;KUNTIKAN;KVR,92:01:00,10:17,20
RLWY,BAJPE,KVR;KUNTIKAN;LALBAGH;JYOTHI CIRCLE;,10:45,11:38,20
BAJPE,RLWY,JYOTHI CIRCLE;LALBAGH;KUNTIKAN;KVR,11:46,12:42,20
RLWY,BAJPE,KVR;KUNTIKAN;LALBAGH;JYOTHI CIRCLE;,15:40,16:34,20
BAJPE,RLWY,JYOTHI CIRCLE;LALBAGH;KUNTIKAN;KVR,16:39,17:33,20
RLWY,BAJPE,KVR;KUNTIKAN;LALBAGH;JYOTHI CIRCLE;,17:48,18:42,20
BAJPE,RLWY,JYOTHI CIRCLE;LALBAGH;KUNTIKAN;KVR,18:50,19:44,20
MANGALURU,ADYAR PADAV,VALACHIL;PADIL;JYOTHI CIRCLE;,15:15,16:10,18
ADYAR PADAV,MANGALURU,JYOTHI CIRCLE;PADIL;VALACHIL,16:30,17:25,18
MANGALURU,ADYAR PADAV,VALACHIL;PADIL;JYOTHI CIRCLE;,17:30,18:25,18
ADYAR PADAV,MANGALURU,JYOTHI CIRCLE;PADIL;VALACHIL,18:45,19:40,18
MANGALURU,ADYAR PADAV,VALACHIL;PADIL;JYOTHI CIRCLE;,19:45,20:40,18
ADYAR PADAV,MANGALURU,JYOTHI CIRCLE;PADIL;VALACHIL,06:20,07:15,18
MANGALURU,ADYAR PADAV,VALACHIL;PADIL;JYOTHI CIRCLE;,07:20,08:15,18
ADYAR PADAV,MANGALURU,JYOTHI CIRCLE;PADIL;VALACHIL,08:20,09:15,18
MANGALURU,ADYAR PADAV,VALACHIL;PADIL;JYOTHI CIRCLE;,09:30,10:25,18
ADYAR PADAV,MANGALURU,JYOTHI CIRCLE;PADIL;VALACHIL,10:30,11:25,18
MANGALURU,ADYAR PADAV,VALACHIL;PADIL;JYOTHI CIRCLE;,11:30,12:25,18
ADYAR PADAV,MANGALURU,JYOTHI CIRCLE;PADIL;VALACHIL,12:45,13:40,18
MANGALURU,MUDIPU,DERALAKATTE;BIRI;KANKANADY;,12:50,14:20,27
MUDIPU,MANGALURU,KANKANADY;BIRI;DERALAKATTE,14:40,16:00,27
MANGALURU,MUDIPU,DERALAKATTE;BIRI;KANKANADY;,16:30,18:20,27
MUDIPU,MANGALURU,KANKANADY;BIRI;DERALAKATTE,18:15,19:45,27
MANGALURU,MUDIPU,DERALAKATTE;BIRI;KANKANADY;,06:15,07:20,27
MUDIPU,MANGALURU,KANKANADY;BIRI;DERALAKATTE,07:30,09:00,27
MANGALURU,MUDIPU,DERALAKATTE;BIRI;KANKANADY;,09:30,11:00,27
MUDIPU,MANGALURU,KANKANADY;BIRI;DERALAKATTE,11:05,12:35,27
STATE BANK,MALLURU (CHURCH),PARARY;VAMANJUR;MALLIKATTE;JYOTHI CIRCLE;LADY GOSCHEN;,07:00,07:59,21
MALLURU (CHURCH),STATE BANK,LADY GOSCHEN;JYOTHI CIRCLE;MALLIKATTE;VAMANJUR;PARARY,08:15,09:14,21
STATE BANK,MALLURU (CHURCH),PARARY;VAMANJUR;MALLIKATTE;JYOTHI CIRCLE;LADY GOSCHEN;,09:30,10:29,21
MALLURU (CHURCH),STATE BANK,LADY GOSCHEN;JYOTHI CIRCLE;MALLIKATTE;VAMANJUR;PARARY,10:45,11:44,21
STATE BANK,MALLURU (CHURCH),PARARY;VAMANJUR;MALLIKATTE;JYOTHI CIRCLE;LADY GOSCHEN;,12:00,12:59,21
MALLURU (CHURCH),STATE BANK,LADY GOSCHEN;JYOTHI CIRCLE;MALLIKATTE;VAMANJUR;PARARY,13:15,14:14,21
STATE BANK,MALLURU (CHURCH),PARARY;VAMANJUR;MALLIKATTE;JYOTHI CIRCLE;LADY GOSCHEN;,14:25,15:24,21
MALLURU (CHURCH),STATE BANK,LADY GOSCHEN;JYOTHI CIRCLE;MALLIKATTE;VAMANJUR;PARARY,15:35,16:34,21
STATE BANK,MALLURU (CHURCH),PARARY;VAMANJUR;MALLIKATTE;JYOTHI CIRCLE;LADY GOSCHEN;,16:45,17:44,21
MALLURU (CHURCH),STATE BANK,LADY GOSCHEN;JYOTHI CIRCLE;MALLIKATTE;VAMANJUR;PARARY,18:00,18:59,21
